Product Name,Price,Description,Image,Category,Featured,ID
Sports Jersey,39.99,Sample Jersey Item (Desc),Images/Sports 1.jpg,Clothing,yes,0001
Sports Ball,24.99,Sample Ball Item (Desc),Images/Sports 2.jpg,Gear,no,0002
Sports Uniform,109.99,Sample Uniform Item (Desc),Images/Sports 3.jpg,Clothing,no,0003
Sports Footwear,399.99,Sample Footwear Item (Desc),Images/Sports 4.jpg,Footwear,yes,0004
Sports Bat,49.99,Sample Bat Item (Desc),Images/Sports 5.jpg,Gear,no,0005
Sports Racket,39.99,Sample Racket Item (Desc),Images/Sports 6.jpg,Gear,no,0006
Sports Hiking Boots,199.99,Sample Hiking Boots Item (Desc),Images/Sports 7.jpg,Footwear,no,0007
Sports Hat,59.99,Sample Hat Item (Desc),Images/Sports 8.jpg,Clothing,yes,0008